user_id,first_name,last_name,email,phone,registration_date
1,Danielle,Johnson,user1@example.com,533-521-8196x001,2024-01-07
2,Anthony,Gonzalez,user2@example.com,+1-586-737-9402x6542,2021-12-31
3,Noah,Howard,user3@example.com,(794)507-8161x849,2025-01-05
4,Brandon,Perez,user4@example.com,313-416-4752x5534,2024-02-28
5,John,Ford,user5@example.com,783-550-3056x413,2024-10-07
6,Randall,Rocha,user6@example.com,724.523.8849x696,2026-06-24
7,Devon,Snyder,user7@example.com,001-201-322-6916x697,2024-11-24
8,Amanda,Adams,user8@example.com,+1-651-546-2704x8281,2022-04-03
9,Kathryn,Ryan,user9@example.com,001-380-395-7015x430,2025-02-24
10,Lisa,Spence,user10@example.com,+1-822-578-2489,2026-02-19
11,Karina,Vaughn,user11@example.com,001-246-557-8713x315,2024-06-07
12,Adrian,Zimmerman,user12@example.com,9315051834,2024-03-09
13,Jennifer,Khan,user13@example.com,001-773-876-3116,2023-07-19
14,Michelle,Brown,user14@example.com,+1-410-665-1333x8726,2023-10-21
15,Nancy,Jones,user15@example.com,+1-910-980-1326,2022-07-23
16,Richard,Brown,user16@example.com,(206)247-4687x2343,2025-03-25
17,Brian,Silva,user17@example.com,582.208.1219x13619,2024-08-02
18,Robert,Silva,user18@example.com,954.335.3462x47510,2021-11-08
19,Jason,Baker,user19@example.com,(613)354-2784x980,2026-03-09
20,Dennis,Wilson,user20@example.com,682-944-9353,2022-09-29
21,Rebekah,Williams,user21@example.com,+1-264-300-5242x7868,2021-11-12
22,Nicole,Mckee,user22@example.com,+1-605-798-2620,2025-12-26
23,Laura,Valencia,user23@example.com,(833)215-8692x322,2022-05-21
24,Sandra,Patton,user24@example.com,(534)221-6073x37543,2024-10-15
25,Raymond,Ramirez,user25@example.com,645-486-8501,2024-05-23
26,Tonya,Johnson,user26@example.com,+1-265-856-9816x934,2021-07-01
27,Sara,Ryan,user27@example.com,001-735-861-5951x484,2024-12-22
28,Angela,Lee,user28@example.com,+1-762-999-4680x4436,2023-09-13
29,Emma,Dixon,user29@example.com,001-221-248-9513x433,2022-09-18
30,Thomas,Atkinson,user30@example.com,476-293-6763,2025-12-14
31,Michelle,Mcclure,user31@example.com,001-763-928-7083x172,2024-07-21
32,Jennifer,Wagner,user32@example.com,+1-972-577-4348,2022-11-11
33,Chris,Mitchell,user33@example.com,855-881-2236x231,2023-02-22
34,Steven,Brown,user34@example.com,(569)909-6705x46688,2022-08-02
35,Ryan,Johnson,user35@example.com,462-972-9806x99016,2022-05-26
36,Jorge,Murphy,user36@example.com,755.564.6417x080,2024-09-27
37,Kimberly,Pearson,user37@example.com,001-603-730-9232x719,2022-04-30
38,Catherine,Adkins,user38@example.com,824-519-0496,2021-11-13
39,Hannah,Burton,user39@example.com,749-319-0586,2024-01-08
40,Matthew,Atkinson,user40@example.com,916.857.2628x4987,2025-08-14
41,Brittany,Morris,user41@example.com,714.273.7996,2023-12-18
42,Mark,Freeman,user42@example.com,(845)949-4808x313,2024-04-07
43,John,Alvarez,user43@example.com,001-977-701-4363x495,2023-08-14
44,Julie,Rivera,user44@example.com,001-574-544-3135x182,2025-03-08
45,Joshua,Lawrence,user45@example.com,001-689-241-3435x240,2026-05-13
46,Angela,Terry,user46@example.com,(771)409-4777,2026-04-26
47,Johnny,Hensley,user47@example.com,616-371-9022,2026-06-17
48,David,Duran,user48@example.com,+1-299-338-6774x964,2026-03-25
49,Jared,Clark,user49@example.com,+1-212-532-8120x6797,2022-12-06
50,Justin,Heath,user50@example.com,434-693-6183,2025-08-16
51,Charles,Martin,user51@example.com,999-347-1746x4887,2024-06-24
52,Pamela,Navarro,user52@example.com,+1-940-913-9904x902,2026-01-26
53,Howard,Richards,user53@example.com,+1-671-875-6551x2567,2025-07-23
54,Andrea,Gibson,user54@example.com,945-916-8087x60385,2025-04-16
55,James,Dunn,user55@example.com,377-510-9324x8086,2026-06-14
56,Robin,Murray,user56@example.com,527-948-4677,2024-03-31
57,Patrick,Weeks,user57@example.com,421.946.5840x44997,2024-03-07
58,Michael,Arnold,user58@example.com,+1-867-253-3963,2023-01-30
59,Thomas,Mcintyre,user59@example.com,(962)270-2895x1718,2025-02-06
60,Robert,Pena,user60@example.com,(817)745-9615,2024-08-16
61,Paige,Freeman,user61@example.com,+1-309-313-4316,2023-09-16
62,Heather,Berger,user62@example.com,8504455623,2022-05-04
63,Christian,Pitts,user63@example.com,+1-637-492-3747x407,2021-11-09
64,Sierra,Huerta,user64@example.com,664-674-3671x3695,2021-08-07
65,Maria,Foster,user65@example.com,5905974395,2024-08-05
66,Erica,Le,user66@example.com,+1-421-504-7095x2145,2022-02-24
67,Amber,Mata,user67@example.com,784.324.7451x71236,2025-06-11
68,Alexander,Herrera,user68@example.com,754.596.5137x098,2024-09-23
69,Cynthia,Marshall,user69@example.com,001-446-812-0047x113,2023-10-04
70,Ellen,Paul,user70@example.com,+1-669-226-1796,2024-12-10
71,Jeff,Wallace,user71@example.com,551.358.5064,2026-03-27
72,Madison,Davis,user72@example.com,390.505.3293,2024-06-03
73,Lisa,Hall,user73@example.com,001-729-504-2284x210,2024-06-07
74,Alfred,Baker,user74@example.com,(368)911-7758,2024-01-04
75,Sonia,Williams,user75@example.com,+1-784-470-0766x1771,2021-10-26
76,Joshua,Schultz,user76@example.com,+1-856-398-4789,2025-06-15
77,Danny,Pena,user77@example.com,001-783-667-3657x661,2023-05-12
78,Elijah,Leblanc,user78@example.com,211-716-1528,2024-11-03
79,Robert,Russo,user79@example.com,001-360-749-4519x832,2025-09-19
80,Michael,Farmer,user80@example.com,001-636-289-9809,2022-05-23
81,Jacqueline,Parker,user81@example.com,850-922-9612x01836,2023-03-12
82,Mitchell,Griffith,user82@example.com,001-999-810-2290x147,2022-11-09
83,Kari,Wilson,user83@example.com,(614)597-8403x69003,2025-04-29
84,Kathryn,Roberts,user84@example.com,707-362-2683,2023-06-23
85,Judy,Graham,user85@example.com,715.496.9664x160,2025-07-01
86,Christine,Collier,user86@example.com,(716)513-6968x164,2023-02-26
87,Gary,Dixon,user87@example.com,488-635-5231,2022-06-23
88,Carrie,Wolf,user88@example.com,+1-912-377-9979x9552,2023-11-01
89,Crystal,Hogan,user89@example.com,001-205-781-4770,2025-08-25
90,Chase,Lin,user90@example.com,999-586-7980,2023-02-05
91,Thomas,Hernandez,user91@example.com,9719518203,2024-02-10
92,Chelsea,Cox,user92@example.com,666-459-0515x1864,2023-02-27
93,Brandi,Thomas,user93@example.com,(346)829-1486x528,2024-01-13
94,Andrew,Parker,user94@example.com,357.233.2214,2024-10-19
95,Nancy,Williamson,user95@example.com,+1-962-622-9270x653,2025-04-02
96,Kristen,Young,user96@example.com,847.835.9774,2026-04-28
97,Lisa,Solis,user97@example.com,(640)375-8181,2025-04-22
98,Joshua,Whitehead,user98@example.com,(861)737-5060,2022-09-01
99,Virginia,Brooks,user99@example.com,4519522047,2023-09-25
100,Adam,Miller,user100@example.com,232-589-8614x341,2023-08-04
101,Laura,Bryant,user101@example.com,679-880-8932,2021-06-30
102,Michael,Duncan,user102@example.com,(218)851-8888,2025-11-09
103,Bradley,Hughes,user103@example.com,(740)751-5319x520,2025-07-23
104,Gregory,Maxwell,user104@example.com,772.621.7043x030,2024-01-25
105,Veronica,Daniels,user105@example.com,903-845-0541x566,2023-03-09
106,Jacob,Holt,user106@example.com,(384)316-1692x845,2023-02-17
107,Kenneth,Griffin,user107@example.com,001-362-875-7059x640,2023-04-22
108,Laurie,Shelton,user108@example.com,7298702135,2026-03-28
109,Antonio,Hernandez,user109@example.com,555.371.9285x654,2021-08-14
110,Jacob,Holmes,user110@example.com,+1-514-347-3947,2022-03-02
111,Charles,Thompson,user111@example.com,001-771-555-1884x422,2022-02-04
112,James,Taylor,user112@example.com,805.989.5782x9114,2024-02-13
113,Kayla,Morrow,user113@example.com,425-417-7852,2023-08-27
114,Renee,Brown,user114@example.com,682-342-2535,2022-09-28
115,Cynthia,Pierce,user115@example.com,(449)481-8299,2024-10-13
116,Jennifer,Jacobs,user116@example.com,001-800-210-9439,2023-12-24
117,Courtney,Roberts,user117@example.com,573-764-7102x7677,2024-07-10
118,Larry,Higgins,user118@example.com,001-956-525-8815x371,2022-03-12
119,Brent,Dougherty,user119@example.com,+1-963-625-9532x787,2023-12-23
120,Christopher,Long,user120@example.com,233.395.0047x974,2023-08-24
121,Nicole,Luna,user121@example.com,001-965-606-0983x584,2025-08-13
122,Cindy,Carr,user122@example.com,(816)255-8523,2021-09-18
123,Derrick,Cook,user123@example.com,687.729.8259x5269,2024-01-10
124,William,Burns,user124@example.com,001-647-205-5169,2024-06-22
125,Joseph,Rios,user125@example.com,001-399-530-9728x962,2021-08-01
126,Lee,Hernandez,user126@example.com,001-936-889-7028x385,2023-01-22
127,Glen,Barr,user127@example.com,585-949-7334x84344,2023-01-28
128,Michael,Peck,user128@example.com,001-344-719-8665x240,2026-02-10
129,Diana,Burgess,user129@example.com,538.548.4219,2021-09-28
130,Rebecca,Perez,user130@example.com,401.865.7120,2024-10-02
131,Nicole,Alvarez,user131@example.com,+1-434-254-0193x8026,2026-06-23
132,Randy,Simpson,user132@example.com,001-940-404-9915x478,2025-09-29
133,Taylor,Lee,user133@example.com,552-474-2054,2024-07-18
134,Danielle,Sullivan,user134@example.com,(585)916-1227x53046,2025-04-05
135,Stephanie,Turner,user135@example.com,001-690-345-3017x426,2024-09-06
136,Shelia,Richardson,user136@example.com,932.572.7956,2025-04-19
137,Erin,Larson,user137@example.com,587-485-1910,2022-04-24
138,Melissa,Ramos,user138@example.com,+1-239-971-8707x2867,2024-11-08
139,Kyle,Johnson,user139@example.com,903-291-0651x801,2022-12-04
140,Hector,Taylor,user140@example.com,+1-865-467-6618x2512,2025-02-16
141,Jeffrey,Smith,user141@example.com,9477868633,2022-04-07
142,Jacob,Golden,user142@example.com,001-210-569-0331x190,2025-03-11
143,Richard,Young,user143@example.com,702.584.3959,2022-12-31
144,Douglas,Keller,user144@example.com,964.240.8926,2026-05-09
145,Shelly,Powers,user145@example.com,956.262.4628x73342,2024-04-20
146,Tammy,Grant,user146@example.com,(363)543-5175,2021-09-30
147,Nicholas,Jacobs,user147@example.com,6132983735,2022-07-19
148,James,Figueroa,user148@example.com,001-773-693-6385x467,2022-10-18
149,William,Crawford,user149@example.com,575-435-5609,2021-07-27
150,Angela,Silva,user150@example.com,001-664-923-5369x378,2026-04-28
151,Darlene,Henry,user151@example.com,(252)328-7280,2026-03-20
152,Elizabeth,Duran,user152@example.com,(923)212-0387x50997,2021-07-10
153,Andrea,Smith,user153@example.com,648.740.8621x18233,2022-10-29
154,Randy,Watson,user154@example.com,(979)233-4101x6668,2024-09-03
155,Jacqueline,Miller,user155@example.com,(259)418-0339x74014,2026-02-18
156,Leonard,Ali,user156@example.com,001-826-714-2939,2023-05-30
157,Jodi,Gibbs,user157@example.com,001-818-750-1631x599,2021-08-21
158,Joshua,Riddle,user158@example.com,335.386.6296x1943,2022-10-30
159,Norman,Bowers,user159@example.com,(765)651-1047,2021-12-31
160,Christopher,Jordan,user160@example.com,+1-388-761-0158,2025-10-23
161,Alexander,Gutierrez,user161@example.com,001-418-339-8262x244,2022-04-29
162,Joshua,Evans,user162@example.com,354-437-9937,2023-01-05
163,Stacy,Cook,user163@example.com,+1-965-775-6924x593,2022-05-18
164,Raymond,Flores,user164@example.com,001-479-235-6465x193,2026-04-04
165,Steven,Erickson,user165@example.com,341.967.2434x266,2026-06-12
166,Timothy,Morales,user166@example.com,868.705.8911x35290,2026-04-27
167,Russell,Smith,user167@example.com,438-788-9937x567,2026-06-24
168,Timothy,Phillips,user168@example.com,912-754-5738,2023-11-14
169,Samuel,Horton,user169@example.com,714-801-0512x38282,2026-04-14
170,Jesse,Sullivan,user170@example.com,(826)860-9379,2021-07-06
171,Jason,Ramirez,user171@example.com,001-919-718-2553x714,2024-06-22
172,Cheryl,Matthews,user172@example.com,(557)692-4991x251,2022-01-27
173,Nathaniel,Thomas,user173@example.com,(969)629-6627x8282,2022-03-11
174,Leonard,Hayes,user174@example.com,9508723688,2024-11-29
175,Robert,Larsen,user175@example.com,921.990.3404x3842,2024-03-28
176,Daniel,Wilson,user176@example.com,001-685-780-7836x134,2025-10-20
177,Christopher,Grimes,user177@example.com,433-595-9629,2025-07-23
178,Linda,Hudson,user178@example.com,+1-649-382-5449,2022-03-02
179,Karen,Jenkins,user179@example.com,9424232536,2024-05-17
180,Joseph,Perry,user180@example.com,311.968.4577x590,2024-08-30
181,Heidi,Horn,user181@example.com,+1-763-463-7454,2024-04-27
182,Todd,Cooper,user182@example.com,+1-600-417-0127x7063,2025-11-11
183,Nancy,Davis,user183@example.com,(241)552-0643x611,2023-11-16
184,David,Perez,user184@example.com,+1-370-705-1627x1361,2023-04-30
185,Kevin,Reyes,user185@example.com,001-922-518-9092x753,2021-12-03
186,Craig,Goodwin,user186@example.com,001-565-665-2341,2025-05-21
187,Hannah,Abbott,user187@example.com,+1-543-989-8364x0376,2024-09-05
188,Chad,Oneal,user188@example.com,4559269658,2026-04-06
189,Kaylee,Smith,user189@example.com,804-830-0684,2024-12-31
190,Christopher,Herrera,user190@example.com,+1-324-614-1832x856,2024-12-25
191,Jessica,Mathis,user191@example.com,6314617990,2022-02-01
192,Jean,Miles,user192@example.com,(675)388-4252,2025-05-07
193,Anthony,Roman,user193@example.com,481-749-1778x507,2022-04-11
194,Kerri,Shannon,user194@example.com,+1-213-880-0030x7562,2022-08-12
195,John,Moon,user195@example.com,941-695-1802x38061,2025-05-11
196,Lance,Miller,user196@example.com,905.534.9493x759,2025-02-25
197,Amy,Flynn,user197@example.com,(206)803-8505,2025-09-26
198,Jessica,Garcia,user198@example.com,336.370.2410x38657,2024-01-07
199,Dana,Foster,user199@example.com,001-890-762-3445,2023-01-30
200,Joseph,Jones,user200@example.com,729.812.1277,2022-02-03
201,Michael,Townsend,user201@example.com,447.341.1249x035,2025-01-17
202,Tanya,Foster,user202@example.com,5443206788,2023-10-20
203,Linda,Taylor,user203@example.com,6033236519,2021-08-06
204,Caleb,Orr,user204@example.com,921.251.0702x966,2023-05-28
205,Ronald,Gomez,user205@example.com,(544)672-0999,2023-12-26
206,Nicole,Mendoza,user206@example.com,246-826-3838,2025-05-26
207,Michael,Stephens,user207@example.com,659.285.6420x5930,2025-07-14
208,Thomas,Howard,user208@example.com,001-532-813-3480,2023-04-07
209,Mary,Bruce,user209@example.com,(439)555-9059,2025-09-03
210,Lisa,Waller,user210@example.com,+1-542-270-1039,2024-02-14
211,Aaron,Hardin,user211@example.com,425.325.0029,2025-09-21
212,Michelle,Yu,user212@example.com,(469)715-4522x675,2022-08-09
213,Brianna,Thompson,user213@example.com,542-320-9690x2959,2026-03-05
214,Donald,Mcgee,user214@example.com,555.521.5704,2024-12-15
215,Michael,Buchanan,user215@example.com,001-300-967-6267x658,2025-06-08
216,Belinda,Chang,user216@example.com,327.310.4054,2023-03-14
217,Pamela,Martin,user217@example.com,481-859-9706,2022-04-11
218,Craig,Harris,user218@example.com,268.884.4431,2024-05-07
219,Mary,Hernandez,user219@example.com,(606)314-9731x032,2023-11-10
220,Darrell,Glover,user220@example.com,674.918.6256x5270,2023-10-25
221,Jeremy,Adams,user221@example.com,2218158693,2025-08-01
222,Robert,Nichols,user222@example.com,493.374.1608x9899,2026-03-28
223,Shane,Rush,user223@example.com,(433)620-6163,2023-02-02
224,Jessica,Aguirre,user224@example.com,268-868-5487,2022-01-19
225,Edward,Knight,user225@example.com,001-611-891-4856,2024-10-06
226,Ashley,Kennedy,user226@example.com,(746)529-9606,2021-09-26
227,Thomas,Adams,user227@example.com,(705)644-4713x247,2025-02-18
228,Cassidy,Davis,user228@example.com,836.478.5082x148,2025-05-24
229,Alice,Carroll,user229@example.com,(533)603-0705,2023-05-01
230,Steven,Sanders,user230@example.com,703-757-9727,2022-04-22
231,Patricia,Curry,user231@example.com,001-614-806-0293x333,2024-01-21
232,Michelle,Coffey,user232@example.com,+1-707-922-9034x9446,2022-10-01
233,Steven,Byrd,user233@example.com,+1-369-910-8589x944,2021-10-22
234,Vanessa,Davidson,user234@example.com,244-932-8309x652,2026-06-24
235,Jordan,Barnes,user235@example.com,(409)693-5387x5842,2021-12-23
236,David,Green,user236@example.com,+1-725-713-5346,2022-10-17
237,Kelly,York,user237@example.com,809.299.1738x1684,2025-11-05
238,Edward,Gay,user238@example.com,969-672-5217x52500,2022-07-15
239,Kim,Johnston,user239@example.com,(971)829-6666,2021-07-06
240,Amanda,Cross,user240@example.com,6584300335,2022-01-01
241,Wesley,Torres,user241@example.com,804-447-8985,2023-03-16
242,Rachel,Howard,user242@example.com,426.303.3230,2023-04-28
243,Debra,Johnson,user243@example.com,+1-848-390-9010x0167,2024-03-23
244,Thomas,Hernandez,user244@example.com,001-304-661-8499x261,2022-01-22
245,Daniel,Gonzalez,user245@example.com,948.535.6420,2024-12-06
246,Timothy,Young,user246@example.com,3116972181,2024-09-17
247,Stephen,Madden,user247@example.com,270-212-0455x611,2025-10-01
248,Elizabeth,Jackson,user248@example.com,(679)841-5521x667,2024-12-09
249,Timothy,Fisher,user249@example.com,(912)402-1697,2024-07-18
250,Kimberly,Carr,user250@example.com,+1-527-771-6701x4508,2024-02-01
251,Haley,Montgomery,user251@example.com,(437)356-2890x02877,2025-03-31
252,Malik,Rivera,user252@example.com,908-338-6631x779,2025-10-09
253,Sergio,Wilson,user253@example.com,501.966.0880x1994,2026-03-30
254,Michael,Brown,user254@example.com,375.389.9757,2025-04-15
255,Jeffrey,Peterson,user255@example.com,+1-548-585-1027x2614,2022-02-03
256,Melissa,Lewis,user256@example.com,451.960.9177,2021-07-05
257,Jill,Tran,user257@example.com,(897)882-9221x69958,2026-05-22
258,Ruth,Farmer,user258@example.com,765-547-2269x848,2022-06-30
259,Claudia,Roberts,user259@example.com,(822)688-5158x799,2025-11-17
260,Robert,Smith,user260@example.com,606-620-0342,2022-03-22
261,Bryan,Mueller,user261@example.com,880.557.1983,2024-01-17
262,Laura,Horton,user262@example.com,001-906-566-5800x439,2026-01-18
263,Janet,Holland,user263@example.com,001-898-293-3472x122,2023-08-19
264,Angela,Anderson,user264@example.com,001-240-657-2025,2023-12-11
265,Ashley,Howard,user265@example.com,001-858-332-8182x688,2023-03-28
266,Nicole,Alvarado,user266@example.com,554-239-8780x15739,2024-11-26
267,Manuel,Moon,user267@example.com,964-984-0858,2021-09-16
268,Rachel,Lee,user268@example.com,811.328.8013x36138,2025-03-23
269,Eric,Stevens,user269@example.com,901-810-2481x93466,2023-08-28
270,Andre,Nunez,user270@example.com,+1-309-619-0158,2025-06-04
271,Kevin,Miller,user271@example.com,001-676-760-7283x268,2026-04-12
272,Alex,Baxter,user272@example.com,(310)609-9688,2022-07-16
273,Judith,Swanson,user273@example.com,568.322.2394,2022-05-25
274,Lauren,Phelps,user274@example.com,001-487-581-4141x397,2021-12-27
275,Christine,Mccullough,user275@example.com,277-759-4929x95562,2022-09-20
276,Jeffrey,Singh,user276@example.com,(345)625-7775x47812,2025-10-13
277,Donald,Ryan,user277@example.com,611-908-0996x930,2024-10-04
278,Edgar,Long,user278@example.com,001-494-427-8816x580,2023-09-21
279,Harold,Fry,user279@example.com,+1-727-850-3731x4530,2023-11-03
280,Shawn,Williams,user280@example.com,+1-351-684-4989x2665,2023-05-16
281,Rebecca,Black,user281@example.com,(657)579-0827x231,2022-03-29
282,Eric,Guzman,user282@example.com,436-851-7773,2021-08-08
283,Bradley,Berry,user283@example.com,(428)809-2024,2024-06-27
284,Anne,Smith,user284@example.com,001-441-637-9772x369,2022-04-30
285,Gina,Nielsen,user285@example.com,+1-891-436-6210x388,2024-07-08
286,Gregory,Valenzuela,user286@example.com,+1-808-781-1729x806,2025-11-12
287,Heidi,Patterson,user287@example.com,865.699.1624x7314,2022-06-08
288,Jenna,Clarke,user288@example.com,001-781-380-6356,2022-04-06
289,Denise,King,user289@example.com,+1-969-459-4636,2023-05-05
290,Angela,King,user290@example.com,795-262-1372x1386,2022-04-17
291,Tamara,Smith,user291@example.com,727-396-1143,2024-07-14
292,Jenny,Arias,user292@example.com,(598)249-0277x0384,2025-05-30
293,William,Hale,user293@example.com,+1-820-553-0214x656,2024-01-29
294,Jillian,Jones,user294@example.com,584-989-5543,2026-02-20
295,Bailey,Green,user295@example.com,(981)881-8451x84894,2024-04-21
296,Kayla,Todd,user296@example.com,001-777-290-7141x633,2024-12-29
297,Jose,Mitchell,user297@example.com,(951)582-7553x9423,2022-08-31
298,John,Baker,user298@example.com,933.295.2111,2025-04-24
299,Amber,Williams,user299@example.com,459.257.9472x8463,2024-02-13
300,Rodney,Ayers,user300@example.com,7852627187,2021-07-19
301,Jason,Carpenter,user301@example.com,959-842-8434x79552,2022-07-17
302,Jaclyn,Watson,user302@example.com,(847)529-2931x4386,2022-03-21
303,Susan,Hernandez,user303@example.com,6266728857,2024-04-20
304,Ashley,Ross,user304@example.com,001-620-734-7175x455,2021-08-03
305,David,Dillon,user305@example.com,+1-339-898-2455x877,2024-07-23
306,Steven,Frye,user306@example.com,(756)599-6112,2023-01-21
307,Denise,Page,user307@example.com,+1-464-575-9876x220,2024-10-19
308,Shelby,Haynes,user308@example.com,232-261-1178,2025-05-06
309,Alexandria,Ferrell,user309@example.com,649-921-6433,2024-08-15
310,David,Roberson,user310@example.com,9054577848,2026-05-04
311,Heidi,Thompson,user311@example.com,+1-979-668-8457x831,2023-04-27
312,Jordan,Torres,user312@example.com,9826547807,2021-07-14
313,Russell,Carter,user313@example.com,508.453.6866,2025-01-24
314,Debbie,Clayton,user314@example.com,641.863.8944,2022-06-06
315,Casey,Taylor,user315@example.com,279-474-9735,2021-09-26
316,Amanda,Lopez,user316@example.com,244-927-0312,2022-07-29
317,Robert,Floyd,user317@example.com,457.505.1204x6187,2025-12-20
318,John,James,user318@example.com,3135673037,2023-11-08
319,Erin,Collins,user319@example.com,520-888-1474x35031,2023-02-10
320,Gary,Hill,user320@example.com,763-300-9792,2022-09-25
321,Vincent,Parks,user321@example.com,500-252-8127x35857,2024-12-08
322,Michael,Taylor,user322@example.com,4777848739,2023-02-09
323,Taylor,Dillon,user323@example.com,+1-282-818-2744x857,2025-02-27
324,Nicole,Harvey,user324@example.com,(693)751-8638x782,2023-07-16
325,Marc,Davis,user325@example.com,+1-910-622-0317x3109,2021-09-25
326,Jeffrey,Robbins,user326@example.com,7372170586,2025-08-10
327,Joseph,Williams,user327@example.com,841-538-1138,2022-06-15
328,Diane,Hudson,user328@example.com,(388)461-9576,2025-06-14
329,Andrea,Wagner,user329@example.com,+1-528-597-5585x5665,2023-05-14
330,Andrea,Garner,user330@example.com,(277)660-0490x824,2026-05-31
331,Jason,Edwards,user331@example.com,001-648-788-9921x075,2025-12-09
332,John,Scott,user332@example.com,619-269-3157x2791,2025-02-22
333,Barbara,Miller,user333@example.com,8552661390,2023-01-05
334,Blake,Fernandez,user334@example.com,(358)532-0679,2023-08-26
335,Kristie,Hernandez,user335@example.com,917-590-8641x68622,2023-12-06
336,Denise,Gonzalez,user336@example.com,+1-883-731-4659x116,2023-03-26
337,Malik,Wheeler,user337@example.com,2425597927,2022-06-27
338,Nathaniel,Todd,user338@example.com,310-639-2405,2023-09-28
339,Andrew,Clark,user339@example.com,+1-433-288-4879,2023-05-17
340,Rebecca,Rose,user340@example.com,620-743-9407x016,2025-10-24
341,Andrew,Dillon,user341@example.com,+1-963-268-1579x8123,2021-09-08
342,Sandra,Torres,user342@example.com,862.205.5543x8404,2026-03-18
343,Stacy,Perez,user343@example.com,762-916-8936x39264,2024-03-14
344,Jamie,Taylor,user344@example.com,+1-432-748-2629,2021-10-29
345,Amanda,Ball,user345@example.com,(652)405-6647,2025-05-21
346,Daniel,Lopez,user346@example.com,001-999-449-9939x330,2024-01-01
347,Cassandra,Joseph,user347@example.com,(626)877-2233x060,2022-08-08
348,Emily,Harris,user348@example.com,812.879.7573,2025-05-16
349,Cathy,Holloway,user349@example.com,001-256-599-9880x817,2024-01-31
350,Randall,Moss,user350@example.com,+1-668-903-4764,2022-04-28
351,Kelly,Ellison,user351@example.com,001-882-877-1812x982,2023-02-08
352,Angel,Chavez,user352@example.com,001-337-814-5211x175,2025-02-14
353,Theresa,Salazar,user353@example.com,(468)460-2592,2022-05-20
354,Jennifer,Barnes,user354@example.com,974-221-2309x4077,2024-07-12
355,Trevor,Robinson,user355@example.com,+1-577-267-1990x3849,2022-05-31
356,Brian,Bailey,user356@example.com,(809)494-5101,2022-04-18
357,Justin,Guerrero,user357@example.com,001-799-882-7950x145,2025-08-04
358,Katherine,Bridges,user358@example.com,547-521-4586,2024-07-20
359,Daniel,Blair,user359@example.com,+1-781-479-4695x4899,2024-07-24
360,Tyler,Daniel,user360@example.com,872.893.4301x0713,2021-09-19
361,Michael,Shaffer,user361@example.com,703.244.1448,2022-01-21
362,Mathew,Foster,user362@example.com,001-290-423-5577,2023-11-24
363,Courtney,Mcclain,user363@example.com,+1-257-560-8495,2024-05-17
364,Martin,Hendricks,user364@example.com,(412)340-5682x996,2025-10-24
365,Karen,Thornton,user365@example.com,304-761-7357x43842,2025-06-01
366,Kimberly,Gentry,user366@example.com,480.378.2357x845,2025-08-08
367,Sharon,Rhodes,user367@example.com,(230)376-8104,2023-02-26
368,Pamela,Garcia,user368@example.com,001-340-694-3533x448,2022-03-27
369,Joshua,Smith,user369@example.com,+1-588-413-8585x424,2021-11-05
370,Christina,Morgan,user370@example.com,402.907.0160x166,2024-07-28
371,Larry,Roth,user371@example.com,001-981-579-2171x747,2026-03-24
372,Douglas,Huang,user372@example.com,756-925-5770x171,2023-10-18
373,George,Tate,user373@example.com,+1-992-881-6158x148,2024-06-10
374,John,Sanchez,user374@example.com,(776)515-3966,2022-05-10
375,Elizabeth,Stevenson,user375@example.com,001-697-819-9758x172,2021-11-02
376,Daniel,Cervantes,user376@example.com,001-665-870-1329x022,2024-07-26
377,Sergio,Harris,user377@example.com,249-746-5190x98624,2025-12-30
378,Tammy,Smith,user378@example.com,+1-751-840-3696,2023-07-09
379,Ryan,Clark,user379@example.com,(672)438-6562,2022-02-28
380,Charles,Smith,user380@example.com,001-876-921-2679x692,2023-05-31
381,Jeremiah,Coleman,user381@example.com,7972384689,2026-05-20
382,Ashley,Bush,user382@example.com,397-312-8478,2022-09-19
383,Crystal,Alvarado,user383@example.com,+1-718-894-9058x0778,2023-04-03
384,Tiffany,Phillips,user384@example.com,(409)249-4079,2024-10-09
385,Kelly,Mclaughlin,user385@example.com,4476128144,2022-11-12
386,Jonathan,Figueroa,user386@example.com,+1-229-727-5243x728,2026-05-30
387,Tammy,Larson,user387@example.com,(776)263-7239,2024-09-13
388,Karla,Wilson,user388@example.com,(876)974-7836,2022-10-20
389,Alyssa,Graham,user389@example.com,676-658-0185x6945,2025-07-02
390,Jonathan,Silva,user390@example.com,239.838.5258x001,2021-12-23
391,Dalton,Griffin,user391@example.com,544.330.0910,2025-01-11
392,David,Gates,user392@example.com,(369)921-2447,2026-02-07
393,Joshua,Simmons,user393@example.com,+1-954-321-4066x5044,2023-12-13
394,Sarah,Bishop,user394@example.com,(971)628-6391,2022-01-02
395,Charles,Duncan,user395@example.com,270-972-0064x256,2023-11-18
396,Richard,Luna,user396@example.com,783-706-7198,2024-11-24
397,Richard,Chen,user397@example.com,+1-515-685-1743x2806,2024-12-20
398,Peggy,Mccoy,user398@example.com,(871)373-2030x937,2025-06-15
399,Dawn,Porter,user399@example.com,400.550.5061x387,2026-02-11
400,Benjamin,Thomas,user400@example.com,+1-407-390-3202x0417,2025-07-31
401,Daniel,Crawford,user401@example.com,+1-731-536-5651x982,2025-04-24
402,Brittany,Rogers,user402@example.com,542-262-5827,2022-02-26
403,Kylie,Chen,user403@example.com,(420)571-0021x9467,2022-03-16
404,Joseph,Cole,user404@example.com,629.709.2791,2023-08-02
405,Angela,Lee,user405@example.com,919.958.8373x40312,2022-05-16
406,Elizabeth,Williams,user406@example.com,+1-454-436-4597x0108,2025-06-02
407,Todd,Wilson,user407@example.com,379.795.6353,2022-08-18
408,Joel,Gutierrez,user408@example.com,463.517.9706,2026-02-17
409,Spencer,Hughes,user409@example.com,(273)654-3520,2022-03-04
410,Melissa,Ellis,user410@example.com,(553)349-2929,2023-07-20
411,Aimee,Atkins,user411@example.com,797.874.0633,2024-05-21
412,Patricia,Vargas,user412@example.com,(890)860-0780,2023-11-20
413,Lauren,Nicholson,user413@example.com,373.218.0632x543,2023-11-21
414,Kevin,Warner,user414@example.com,001-990-277-2625,2025-10-16
415,Chad,Barry,user415@example.com,780-246-4989x31950,2022-01-16
416,Michael,Harvey,user416@example.com,(952)581-8325x381,2025-04-04
417,Kathleen,Flores,user417@example.com,386-940-1557x788,2025-01-14
418,Erika,Patel,user418@example.com,379-451-3711x6241,2022-11-14
419,Heidi,Crawford,user419@example.com,880.946.8275,2025-03-06
420,Andrew,Lopez,user420@example.com,9389569557,2023-01-04
421,David,Clarke,user421@example.com,(643)975-4025,2026-04-10
422,Christine,Martin,user422@example.com,+1-742-422-2310,2023-09-11
423,Mike,Harris,user423@example.com,001-205-852-5782x841,2026-02-23
424,Kayla,Gould,user424@example.com,320-988-5474x92975,2025-12-28
425,Donald,Pierce,user425@example.com,506-693-7515x0939,2022-06-20
426,Christopher,Atkinson,user426@example.com,+1-818-763-7599x8056,2023-06-03
427,Alexander,Cooper,user427@example.com,378-413-7674x2662,2022-07-12
428,Thomas,Dillon,user428@example.com,519-461-0646x28792,2025-08-26
429,Keith,Henry,user429@example.com,394-678-7300x2447,2023-07-30
430,Travis,Watts,user430@example.com,901.847.1959,2025-10-31
431,Courtney,Alvarez,user431@example.com,001-915-489-0429x025,2023-04-11
432,Brian,Ward,user432@example.com,+1-750-744-8183x2192,2025-08-16
433,Gail,Turner,user433@example.com,+1-751-489-5202x8457,2022-01-01
434,Eric,Walker,user434@example.com,389.388.8167,2025-08-02
435,Sandra,Mendoza,user435@example.com,452-579-8524x0132,2023-01-10
436,Jason,Zavala,user436@example.com,(311)607-6031x08907,2021-09-15
437,Kevin,Smith,user437@example.com,319-439-3250,2025-09-20
438,Shelly,Rush,user438@example.com,(552)589-3891x190,2026-04-24
439,George,Webster,user439@example.com,3134875927,2025-08-31
440,Tina,Coleman,user440@example.com,236.315.1718x27548,2023-02-17
441,Darrell,Campbell,user441@example.com,+1-447-238-6463x175,2026-06-26
442,Travis,Garcia,user442@example.com,581.712.6691x215,2022-06-28
443,Megan,Powell,user443@example.com,967.849.9465,2026-06-06
444,William,Hernandez,user444@example.com,911.247.7320x101,2026-05-08
445,Patrick,Shelton,user445@example.com,(549)691-1877,2024-10-19
446,Tracy,Green,user446@example.com,288-400-6167x56770,2024-04-10
447,Michelle,Turner,user447@example.com,001-927-962-4671x978,2024-04-20
448,Eric,Brown,user448@example.com,479-769-5450x090,2023-03-27
449,Judy,Johnson,user449@example.com,+1-656-316-5565x0333,2026-01-16
450,Cameron,Torres,user450@example.com,220-785-0769x86407,2023-05-19
451,Peter,Armstrong,user451@example.com,913.357.8529x4563,2025-09-10
452,Amanda,Mitchell,user452@example.com,7496639191,2021-10-28
453,Laurie,Alvarez,user453@example.com,551.848.4685,2023-07-03
454,Colleen,Chavez,user454@example.com,001-282-508-2973x748,2023-04-24
455,Dylan,Hernandez,user455@example.com,+1-846-565-1364x4249,2022-01-21
456,James,Sanchez,user456@example.com,677-486-6032x4204,2024-09-17
457,Bobby,Sharp,user457@example.com,3018594165,2026-03-17
458,Jennifer,Taylor,user458@example.com,398-518-9847,2024-06-27
459,Kerri,Edwards,user459@example.com,001-663-963-2123,2023-07-14
460,Michelle,Brown,user460@example.com,+1-451-758-6734,2023-11-13
461,Michael,Parker,user461@example.com,+1-990-803-4864x5183,2021-07-12
462,Susan,Pennington,user462@example.com,341-934-3275x604,2023-11-05
463,Robert,Randall,user463@example.com,001-961-224-8156x985,2025-04-20
464,Danielle,White,user464@example.com,420.863.4591x123,2025-06-15
465,Luis,Mendoza,user465@example.com,001-824-529-5431x652,2021-08-04
466,Andrew,Hansen,user466@example.com,+1-631-473-4206x969,2021-12-07
467,Micheal,Valentine,user467@example.com,508-667-7133,2022-12-06
468,Troy,Anderson,user468@example.com,293.643.6262,2026-05-16
469,Joe,Hayes,user469@example.com,859.571.0725,2025-01-21
470,Jeanette,Fitzgerald,user470@example.com,211-280-0537x599,2022-10-04
471,Christine,Turner,user471@example.com,(452)380-9242x8757,2023-01-28
472,Alyssa,Thomas,user472@example.com,650-627-4564,2024-01-28
473,Ryan,Martin,user473@example.com,001-672-487-0320x320,2025-01-07
474,Samuel,Carney,user474@example.com,507.658.7771x2151,2022-05-24
475,Gary,Hicks,user475@example.com,999-339-0892x613,2025-12-05
476,Anthony,Maldonado,user476@example.com,+1-216-759-1520x1777,2026-05-04
477,Diana,Tapia,user477@example.com,692-430-4501x89616,2022-09-09
478,Kelli,Ross,user478@example.com,9328664214,2025-03-03
479,Sandra,Mckee,user479@example.com,+1-825-315-8377x674,2025-04-10
480,Lisa,Austin,user480@example.com,(961)808-5732x78814,2021-11-19
481,Laurie,Evans,user481@example.com,(343)286-4908,2024-01-22
482,William,Gutierrez,user482@example.com,494.854.9180x172,2021-09-18
483,Robert,Bush,user483@example.com,897-279-4523x21941,2021-07-08
484,Darryl,Jackson,user484@example.com,476.297.4995x6412,2022-06-11
485,Lisa,Horton,user485@example.com,303.672.3683,2025-05-04
486,Eddie,Henderson,user486@example.com,522-577-7079,2022-12-18
487,Maria,Myers,user487@example.com,901-566-7998x40767,2025-01-23
488,Allison,Henderson,user488@example.com,681-546-7179x57602,2023-11-02
489,Samuel,Romero,user489@example.com,001-959-472-4665,2024-08-07
490,Justin,Curry,user490@example.com,+1-272-223-2971x6743,2023-04-14
491,Jose,Rhodes,user491@example.com,(380)515-6193,2023-12-03
492,Victoria,Glover,user492@example.com,001-308-242-8910x771,2024-01-10
493,Gary,Wilson,user493@example.com,752.747.8712,2025-08-02
494,David,Harris,user494@example.com,(403)875-4821x45653,2025-06-05
495,Devin,Patterson,user495@example.com,(478)850-7208x11556,2021-10-18
496,Katherine,Keller,user496@example.com,+1-629-408-4668x4550,2024-12-28
497,Sean,Harris,user497@example.com,+1-299-775-6341,2023-06-10
498,Jennifer,Hobbs,user498@example.com,684.531.8848x52008,2025-08-26
499,Kevin,Henderson,user499@example.com,910.754.8510x17490,2026-05-28
500,Linda,Zhang,user500@example.com,001-889-535-4492,2022-01-06
